51,605580,恒盛能源,详细,0.21,1.73亿,77.42,5.295,3185万,103.24,4.202,2.6017,8.51,0.2435,29.24,,电力行业,07-30,https://data.eastmoney.com/bbsj/yjbb/605580.html
52,601728,中国电信,详细,0.08,1063亿,12.68,7.262,64.41亿,10.63,199.67,4.5698,1.80,0.3422,31.40,,通信服务,07-30,https://data.eastmoney.com/bbsj/yjbb/601728.html
53,301048,金鹰重工,详细,0.16,6.63亿,622.94,-28.00,6502万,396.91,89.02,3.5239,4.72,-0.2067,17.73,,交运设备,07-30,https://data.eastmoney.com/bbsj/yjbb/301048.html
54,301047,义翘神州,详细,6.51,4.57亿,311.16,-13.49,3.32亿,417.92,-11.88,31.98,22.67,4.7468,96.83,,生物制品,07-30,https://data.eastmoney.com/bbsj/yjbb/301047.html
55,688733,壹石通,详细,0.13,7290万,-,0.670,1748万,-,-30.37,3.6792,3.54,-0.1667,42.59,,非金属材料,07-29,https://data.eastmoney.com/bbsj/yjbb/688733.html
56,301046,能辉科技,详细,0.12,8685万,88.20,-38.86,1366万,114.88,-64.93,4.0615,3.05,-0.5366,28.77,,光伏设备,07-29,https://data.eastmoney.com/bbsj/yjbb/301046.html
57,300703,创源股份,详细,0.0148,2.55亿,101.94,-17.28,272.3万,127.64,-35.62,3.8866,0.38,-0.4439,27.71,,家用轻工,07-29,https://data.eastmoney.com/bbsj/yjbb/300703.html
58,001213,中铁特货,详细,0.03,22.19亿,65.19,-23.60,1.36亿,461.64,508.64,3.9965,-,0.0355,8.47,,物流行业,07-29,https://data.eastmoney.com/bbsj/yjbb/001213.html
59,605588,冠石科技,详细,0.42,3.72亿,89.58,6.676,2295万,20.34,-20.09,7.2833,5.92,-1.3556,13.15,,半导体,07-28,https://data.eastmoney.com/bbsj/yjbb/605588.html
60,688798,艾为电子,详细,0.27,4.96亿,100.63,5.854,3312万,22.31,51.79,3.337,8.33,0.3427,32.72,,半导体,07-27,https://data.eastmoney.com/bbsj/yjbb/688798.html
61,301045,天禄科技,详细,0.35,1.97亿,61.47,-11.94,2689万,68.68,-21.22,5.1802,6.94,-0.3574,28.90,,光学光电子,07-27,https://data.eastmoney.com/bbsj/yjbb/301045.html
62,688787,海天瑞声,详细,0.51,4424万,41.52,-51.17,1634万,19.69,-46.00,14.15,3.66,0.575,73.11,,互联网服务,07-26,https://data.eastmoney.com/bbsj/yjbb/688787.html
63,301043,绿岛风,详细,0.17,8852万,108.29,-30.81,891.6万,153.14,-59.80,5.5809,3.18,-0.8883,33.13,,专用设备,07-23,https://data.eastmoney.com/bbsj/yjbb/301043.html
64,300964,本川智能,详细,0.31,1.04亿,27.84,-3.980,1773万,56.02,-1.169,6.8194,4.59,-0.4316,26.91,,电子元件,07-23,https://data.eastmoney.com/bbsj/yjbb/300964.html
65,873459,鼎丰股份,详细,0.13,1.18亿,191.60,-17.14,1110万,560.81,38.97,5.482,2.33,0.1544,13.35,,-,07-22,https://data.eastmoney.com/bbsj/yjbb/873459.html
66,301042,安联锐视,详细,0.2401,1.65亿,21.95,-38.42,1239万,90.50,-53.35,8.8102,2.76,-0.2183,23.31,,计算机设备,07-22,https://data.eastmoney.com/bbsj/yjbb/301042.html
67,001211,双枪科技,详细,0.27,2.06亿,57.98,-39.48,1472万,65.73,-72.56,9.107,2.99,-0.0317,39.30,,装修建材,07-22,https://data.eastmoney.com/bbsj/yjbb/001211.html
68,605589,圣泉集团,详细,0.23,19.11亿,52.13,-5.335,1.60亿,18.14,-26.87,8.3093,2.82,-0.7524,26.65,,化学制品,07-21,https://data.eastmoney.com/bbsj/yjbb/605589.html
69,603157,*ST拉夏,详细,-0.13,1.58亿,-83.53,102.50,-7016万,83.42,93.36,-1.238,-,0.0463,58.27,,纺织服装,07-21,https://data.eastmoney.com/bbsj/yjbb/603157.html
70,300814,中富电路,详细,0.14,2.68亿,40.89,4.469,1816万,13.70,-16.36,4.9224,2.83,0.4262,20.10,,电子元件,07-21,https://data.eastmoney.com/bbsj/yjbb/300814.html
71,688148,芳源股份,详细,0.04,3.52亿,377.23,-13.62,1809万,1202.6,-52.34,2.2154,1.93,-0.0161,14.28,,电池,07-20,https://data.eastmoney.com/bbsj/yjbb/688148.html
72,688778,厦钨新能,详细,0.59,29.06亿,100.49,3.914,1.12亿,203.04,18.35,9.8391,6.20,0.3291,9.66,,电子元件,07-19,https://data.eastmoney.com/bbsj/yjbb/688778.html
73,003023,彩虹集团,详细,0.46,2.88亿,51.38,-31.63,3725万,48.88,12.32,15.98,2.92,2.1926,48.09,,家电行业,07-19,https://data.eastmoney.com/bbsj/yjbb/003023.html
74,000737,南风化工,详细,0.0075,2.83亿,18.52,-3.571,412.0万,-95.21,151.09,0.9254,0.80,0.0008,24.37,,化学原料,07-17,https://data.eastmoney.com/bbsj/yjbb/000737.html
75,301041,金百泽,详细,-,1.47亿,55.56,-11.95,1693万,1911.3,-13.30,5.2616,4.04,-0.4251,27.44,,电子元件,07-16,https://data.eastmoney.com/bbsj/yjbb/301041.html
76,300994,久祺股份,详细,0.23,7.49亿,122.72,-16.20,3334万,43.69,-45.70,3.2374,7.34,-1.0986,15.08,,交运设备,07-16,https://data.eastmoney.com/bbsj/yjbb/300994.html
77,688385,复旦微电,详细,0.12,5.02亿,97.62,0.856,8639万,318.08,222.10,2.9039,4.38,0.0604,51.13,,工程建设,07-15,https://data.eastmoney.com/bbsj/yjbb/688385.html
78,300294,博雅生物,详细,0.24,6.24亿,2.383,19.07,1.01亿,5.040,178.36,9.7123,2.42,0.3676,56.51,,生物制品,07-15,https://data.eastmoney.com/bbsj/yjbb/300294.html
79,300117,嘉寓股份,详细,-0.03,3.43亿,62.68,-60.25,-1803万,-56.40,-113.55,2.0078,-1.24,0.0078,10.09,,装修建材,07-15,https://data.eastmoney.com/bbsj/yjbb/300117.html
80,839275,众信科技,详细,0.1,3753万,110.20,-30.66,446.2万,92.88,-37.07,2.3265,4.58,-0.2332,22.89,,-,07-14,https://data.eastmoney.com/bbsj/yjbb/839275.html
81,605577,龙版传媒,详细,0.3305,5.86亿,17.78,142.27,1.32亿,32.34,382.22,6.3194,5.37,-0.2535,46.94,,文化传媒,07-14,https://data.eastmoney.com/bbsj/yjbb/605577.html
82,605507,国邦医药,详细,0.39,11.42亿,27.02,7.771,1.85亿,14.73,7.153,7.2839,5.50,0.0377,29.84,,化学制药,07-14,https://data.eastmoney.com/bbsj/yjbb/605507.html
83,301040,中环海陆,详细,-,3.07亿,66.06,1.776,2996万,633.90,-15.10,8.5878,4.76,-0.0312,18.10,,工程机械,07-14,https://data.eastmoney.com/bbsj/yjbb/301040.html
84,301031,中熔电气,详细,0.36,7123万,202.87,-8.023,1793万,765.89,11.81,5.3233,7.01,-0.0931,43.50,,电网设备,07-14,https://data.eastmoney.com/bbsj/yjbb/301031.html
85,301024,霍普股份,详细,0.29,5905万,50.57,-42.69,916.4万,121.84,-55.82,10.4,2.81,-0.7197,46.52,,工程建设,07-14,https://data.eastmoney.com/bbsj/yjbb/301024.html
86,300774,倍杰特,详细,0.07,1.12亿,215.04,-61.15,2703万,81.89,-67.16,3.1079,2.39,-0.3451,38.04,,环保行业,07-14,https://data.eastmoney.com/bbsj/yjbb/300774.html
87,688670,金迪克,详细,-0.09,3004万,-26.99,-90.80,-529.5万,-227.01,-104.97,3.5941,-2.60,-0.5996,86.04,,化学制药,07-13,https://data.eastmoney.com/bbsj/yjbb/688670.html
88,002411,延安必康,详细,0.0743,14.44亿,-11.45,-20.41,1.14亿,117.95,110.50,5.6585,1.33,-0.0305,22.40,,医药商业,07-13,https://data.eastmoney.com/bbsj/yjbb/002411.html
89,001212,中旗新材,详细,0.42,1.26亿,69.18,-35.35,2854万,37.91,-35.01,9.4112,4.56,0.292,33.92,,装修装饰,07-13,https://data.eastmoney.com/bbsj/yjbb/001212.html
90,688511,天微电子,详细,0.4757,5000万,20.57,12.79,2854万,62.85,28.77,4.135,12.21,0.5202,73.93,,电子元件,07-12,https://data.eastmoney.com/bbsj/yjbb/688511.html
91,688509,正元地信,详细,-0.03,2.87亿,58.20,-63.49,-1862万,54.06,-115.80,1.9359,-1.59,-0.2786,32.52,,互联网服务,07-12,https://data.eastmoney.com/bbsj/yjbb/688509.html
92,688071,华依科技,详细,-0.064,2856万,53.58,-75.98,-350.6万,64.60,-116.92,3.8174,-1.67,-0.5287,44.02,,汽车零部件,07-09,https://data.eastmoney.com/bbsj/yjbb/688071.html
93,400023,南洋5,详细,-0.004,7628万,85.27,105.62,-101.1万,-662.66,-107.68,0.2447,-1.65,-0.031,0.67,,-,07-09,https://data.eastmoney.com/bbsj/yjbb/400023.html
94,301038,深水规院,详细,0.02,2.22亿,160.89,-32.13,215.3万,-110.00,-94.98,6.7024,0.33,-1.9478,17.02,,工程建设,07-09,https://data.eastmoney.com/bbsj/yjbb/301038.html
95,301037,保立佳,详细,0.0481,5.16亿,132.52,-14.42,325.2万,274.48,-75.72,7.3294,0.66,-0.2126,13.57,,化学制品,07-09,https://data.eastmoney.com/bbsj/yjbb/301037.html
96,301036,双乐股份,详细,0.59,3.80亿,59.92,-1.386,4439万,244.03,-10.60,13.57,4.46,-0.1526,24.99,,化学制品,07-09,https://data.eastmoney.com/bbsj/yjbb/301036.html
97,688718,唯赛勃,详细,0.13,9433万,83.61,-1.101,1688万,521.28,-4.044,3.4409,3.84,0.172,37.87,,专用设备,07-08,https://data.eastmoney.com/bbsj/yjbb/688718.html
98,301035,润丰股份,详细,0.46,18.12亿,45.42,27.87,9614万,23.41,958.83,14.01,3.37,-1.8625,13.24,,农药兽药,07-08,https://data.eastmoney.com/bbsj/yjbb/301035.html
99,688296,和达科技,详细,-0.07,4257万,218.74,-74.82,-579.1万,-51.64,-110.74,4.2353,-1.68,-0.9497,38.94,,软件开发,07-07,https://data.eastmoney.com/bbsj/yjbb/688296.html
100,688768,容知日新,详细,-0.34,2638万,57.83,-76.14,-1416万,-86.32,-139.55,8.3334,-4.05,-0.439,68.98,,仪器仪表,07-06,https://data.eastmoney.com/bbsj/yjbb/688768.html
101,688305,科德数控,详细,0.1886,5034万,1938.1,-35.57,1283万,251.81,-41.61,8.2446,2.31,-0.2602,44.38,,通用设备,07-06,https://data.eastmoney.com/bbsj/yjbb/688305.html
102,605167,利柏特,详细,0.04,2.94亿,42.10,-47.44,1204万,-8.674,-74.57,2.416,1.49,0.1568,14.22,,专用设备,07-06,https://data.eastmoney.com/bbsj/yjbb/605167.html
103,601825,沪农商行,详细,0.28,58.29亿,1.015,8.620,24.12亿,0.030,29.83,9.163,-,-0.1953,-,,银行,07-06,https://data.eastmoney.com/bbsj/yjbb/601825.html
104,600093,*ST易见,详细,-0.06,12.10亿,-42.51,-51.42,-6787万,-172.02,99.42,-3.2302,-,0.079,0.79,,多元金融,07-06,https://data.eastmoney.com/bbsj/yjbb/600093.html
105,688303,大全能源,详细,0.36,16.61亿,40.83,-0.390,5.82亿,130.40,6.547,3.2319,-,0.1805,46.44,,光伏设备,07-05,https://data.eastmoney.com/bbsj/yjbb/688303.html
106,301033,迈普医学,详细,0.21,3252万,70.19,-22.39,1040万,125.28,-24.85,6.9596,3.05,0.1049,80.59,,医疗服务,07-05,https://data.eastmoney.com/bbsj/yjbb/301033.html
107,301032,新柴股份,详细,0.08,8.01亿,66.05,17.53,1489万,363.24,-50.85,4.2512,1.96,-1.2749,11.70,,通用设备,07-05,https://data.eastmoney.com/bbsj/yjbb/301032.html
108,688800,瑞可达,详细,0.2,1.48亿,65.35,-5.047,1635万,75.09,35.65,6.7903,3.02,0.1491,23.09,,电子元件,07-02,https://data.eastmoney.com/bbsj/yjbb/688800.html
109,301030,仕净科技,详细,0.09,1.05亿,8215.3,-61.28,873.1万,155.63,-77.28,8.3491,1.05,0.3127,29.44,,环保行业,07-02,https://data.eastmoney.com/bbsj/yjbb/301030.html
110,301029,怡合达,详细,0.17,3.19亿,105.58,-15.99,6168万,152.61,-27.91,3.9428,4.44,-0.0401,43.00,,通用设备,07-02,https://data.eastmoney.com/bbsj/yjbb/301029.html
111,300743,天地数码,详细,0.074,1.09亿,24.83,-15.54,731.8万,395.72,-7.583,4.0584,1.85,-0.0712,24.28,,非金属材料,07-02,https://data.eastmoney.com/bbsj/yjbb/300743.html
112,400095,雏鹰3,详细,-0.0527,1339万,-57.92,-42.18,-1.65亿,1.230,82.49,-1.2666,-4.30,-0.0008,-11.73,,-,06-30,https://data.eastmoney.com/bbsj/yjbb/400095.html
113,400093,千山3,详细,-0.04,2152万,-29.82,-33.05,-1278万,92.19,98.43,-10.86,-0.33,0.0015,15.74,,-,06-30,https://data.eastmoney.com/bbsj/yjbb/400093.html
114,400088,美都3,详细,0.0276,6.92亿,105.92,76.74,9882万,-40.81,101.64,0.3735,7.54,-0.0157,46.71,,-,06-30,https://data.eastmoney.com/bbsj/yjbb/400088.html
115,400053,佳纸3,详细,0,0.00,-,-,-5.30万,-44.22,82.68,-0.0043,-3.48,-0.0278,-,,-,06-30,https://data.eastmoney.com/bbsj/yjbb/400053.html
116,301028,东亚机械,详细,0.16,2.27亿,92.67,-0.929,4592万,200.00,-6.748,2.0505,8.21,-0.0059,33.33,,通用设备,06-30,https://data.eastmoney.com/bbsj/yjbb/301028.html
117,002653,海思科,详细,0.27,7.28亿,23.68,-23.71,2.87亿,123.76,22.82,2.972,9.43,-0.0078,69.23,,化学制药,06-30,https://data.eastmoney.com/bbsj/yjbb/002653.html
118,688501,青达环保,详细,-0.08,2043万,35.50,-93.18,-541.9万,-51.15,-111.91,6.9918,-1.08,-1.0331,48.29,,环保行业,06-29,https://data.eastmoney.com/bbsj/yjbb/688501.html
119,605365,立达信,详细,0.19,13.04亿,62.93,-13.00,8741万,221.48,50.78,4.2491,4.68,-0.2262,26.19,,家电行业,06-29,https://data.eastmoney.com/bbsj/yjbb/605365.html
120,600359,新农开发,详细,0.06,1.91亿,78.69,-29.85,2288万,117.66,-10.73,1.3545,4.64,0.0885,26.29,,农牧饲渔,06-29,https://data.eastmoney.com/bbsj/yjbb/600359.html
121,301027,华蓝集团,详细,0.22,2.70亿,48.14,-38.91,2391万,58.82,-50.95,4.054,5.50,-1.2478,35.46,,工程咨询服务,06-28,https://data.eastmoney.com/bbsj/yjbb/301027.html
122,300376,易事特,详细,0.03,6.86亿,22.59,-44.42,7628万,25.04,-40.16,2.506,1.32,0.0372,34.40,,电源设备,06-26,https://data.eastmoney.com/bbsj/yjbb/300376.html
123,688793,倍轻松,详细,0.24,2.15亿,62.42,-29.32,1113万,190.80,-70.66,5.3109,4.64,-0.3643,56.70,,家电行业,06-25,https://data.eastmoney.com/bbsj/yjbb/688793.html
124,301026,浩通科技,详细,0.8356,4.69亿,207.54,13.32,7102万,759.92,68.60,7.4474,11.89,2.7263,16.39,,小金属,06-25,https://data.eastmoney.com/bbsj/yjbb/301026.html
125,301025,读客文化,详细,0.02,1.03亿,60.19,-22.42,651.2万,211.04,-64.43,1.4405,1.26,-0.0601,33.47,,文化传媒,06-24,https://data.eastmoney.com/bbsj/yjbb/301025.html
126,688799,华纳药厂,详细,0.48,2.37亿,29.73,-24.30,3348万,38.00,-38.28,9.9079,4.92,0.6164,72.14,,化学制药,06-23,https://data.eastmoney.com/bbsj/yjbb/688799.html
127,688038,中科通达,详细,0.06,6254万,179.98,-74.85,518.4万,97.34,-82.93,5.8356,1.02,-0.6547,32.91,,软件开发,06-23,https://data.eastmoney.com/bbsj/yjbb/688038.html
128,301023,江南奕帆,详细,0.49,4008万,44.63,-22.19,1372万,35.63,-20.20,9.8779,5.09,0.2945,47.61,,电机,06-23,https://data.eastmoney.com/bbsj/yjbb/301023.html
129,002669,康达新材,详细,0.12,3.87亿,79.82,-37.01,3022万,36.86,1.713,9.2564,1.30,-0.1283,24.84,,化学制品,06-23,https://data.eastmoney.com/bbsj/yjbb/002669.html
130,605020,永和股份,详细,0.25,6.07亿,29.61,17.50,5010万,17.17,100.70,6.9258,-,0.1022,25.32,,化学制品,06-22,https://data.eastmoney.com/bbsj/yjbb/605020.html
131,688789,宏华数科,详细,0.98,2.21亿,71.42,-20.67,5589万,55.19,-14.11,14.02,7.25,-0.0741,41.83,,专用设备,06-21,https://data.eastmoney.com/bbsj/yjbb/688789.html
132,301039,中集车辆,详细,0.11,68.70亿,68.25,-10.75,2.03亿,130.16,-23.42,5.7568,2.02,0.0084,11.29,,汽车整车,06-21,https://data.eastmoney.com/bbsj/yjbb/301039.html
133,688087,英科再生,详细,0.43,4.15亿,68.96,-21.82,4282万,14397,5.971,10.07,4.34,0.8786,33.65,,塑料制品,06-18,https://data.eastmoney.com/bbsj/yjbb/688087.html
134,601665,齐鲁银行,详细,0.18,22.32亿,14.36,7.208,7.53亿,8.215,12.32,5.5481,3.36,-0.2864,-,,银行,06-17,https://data.eastmoney.com/bbsj/yjbb/601665.html
135,300540,深冷股份,详细,-0.0424,3389万,3.681,-85.40,-529.3万,45.09,-305.83,4.5072,-0.94,-0.1629,23.53,,专用设备,06-17,https://data.eastmoney.com/bbsj/yjbb/300540.html
136,001210,金房节能,详细,1.53,4.37亿,3.590,40.46,1.04亿,12.12,83.70,9.2292,18.05,-1.7854,30.09,,公用事业,06-17,https://data.eastmoney.com/bbsj/yjbb/001210.html
137,688226,威腾电气,详细,0.13,2.65亿,136.72,-17.91,1468万,405.26,-24.29,5.3366,2.38,-0.2936,20.50,,电网设备,06-16,https://data.eastmoney.com/bbsj/yjbb/688226.html
138,605287,德才股份,详细,0.73,6.98亿,-,-51.28,5448万,362.40,-0.225,9.6817,7.79,1.2789,12.20,,装修装饰,06-16,https://data.eastmoney.com/bbsj/yjbb/605287.html
139,605162,新中港,详细,0.06,1.42亿,-,-22.89,2006万,-6.660,-58.20,1.9164,3.32,0.0199,25.58,,公用事业,06-16,https://data.eastmoney.com/bbsj/yjbb/605162.html
140,301022,海泰科,详细,0.2115,1.07亿,8.246,-19.46,1015万,-27.24,-48.66,7.474,2.87,0.2823,27.35,,汽车零部件,06-16,https://data.eastmoney.com/bbsj/yjbb/301022.html
141,301021,英诺激光,详细,0.1721,8608万,100.17,-30.17,1956万,561.79,-45.92,5.3892,3.25,-0.0515,52.39,,电子元件,06-16,https://data.eastmoney.com/bbsj/yjbb/301021.html
142,301020,密封科技,详细,0.28,1.41亿,81.67,-5.437,3038万,148.07,12.77,3.8521,7.45,0.4054,41.21,,汽车零部件,06-16,https://data.eastmoney.com/bbsj/yjbb/301020.html
143,688239,航宇科技,详细,0.31,1.97亿,51.49,-10.16,3251万,96.42,36.12,5.5746,5.71,0.1313,32.76,,航天航空,06-15,https://data.eastmoney.com/bbsj/yjbb/688239.html
144,301019,宁波色母,详细,0.39,1.19亿,50.85,-7.530,2354万,55.08,-43.47,6.4575,6.27,0.1248,36.08,,塑料制品,06-15,https://data.eastmoney.com/bbsj/yjbb/301019.html
145,301018,申菱环境,详细,0.02,1.97亿,120.07,-69.90,426.8万,132.85,-93.99,4.9691,0.45,0.0617,34.41,,专用设备,06-15,https://data.eastmoney.com/bbsj/yjbb/301018.html
146,300658,延江股份,详细,0.041,2.97亿,8.062,-6.610,621.2万,-84.03,138.34,7.2663,0.57,0.2718,23.62,,美容护理,06-15,https://data.eastmoney.com/bbsj/yjbb/300658.html
147,300947,德必集团,详细,0.46,2.21亿,3.378,-0.350,2068万,-33.64,-33.86,24.8,2.25,1.9947,36.99,,文化传媒,06-11,https://data.eastmoney.com/bbsj/yjbb/300947.html
148,000010,美丽生态,详细,0.0019,2.28亿,224.56,-64.00,158.1万,113.53,-88.56,0.6019,0.15,-0.0497,17.77,,工程建设,06-11,https://data.eastmoney.com/bbsj/yjbb/000010.html
149,688499,利元亨,详细,0.68,5.24亿,201.96,13.09,4494万,580.70,-8.115,16.57,-,0.756,36.02,,专用设备,06-10,https://data.eastmoney.com/bbsj/yjbb/688499.html
150,688161,威高骨科,详细,-,4.21亿,46.71,-25.06,1.11亿,101.51,-36.52,7.1567,-,0.1774,84.47,,医疗器械,06-10,https://data.eastmoney.com/bbsj/yjbb/688161.html
151,601921,浙版传媒,详细,0.03,20.58亿,94.53,-49.20,6454万,170.62,-89.00,4.2728,0.76,0.282,24.70,,文化传媒,06-10,https://data.eastmoney.com/bbsj/yjbb/601921.html
152,301017,漱玉平民,详细,0.1,11.85亿,5.777,-9.095,3762万,195.47,-59.68,4.2695,2.44,0.2453,28.43,,医药商业,06-10,https://data.eastmoney.com/bbsj/yjbb/301017.html
153,301016,雷尔伟,详细,0.42,1.42亿,30.44,42.11,3805万,40.05,37.25,4.8915,36.48,-0.5148,47.40,,交运设备,06-10,https://data.eastmoney.com/bbsj/yjbb/301016.html
154,300152,科融环境,详细,-0.0133,2525万,-44.15,-89.58,-945.2万,58.72,-120.02,1.0387,-1.43,0.0056,18.97,,环保行业,06-10,https://data.eastmoney.com/bbsj/yjbb/300152.html
155,605056,咸亨国际,详细,0.05,3.01亿,151.11,-58.24,1750万,521.88,-84.19,2.6899,1.82,0.0288,36.79,,仪器仪表,06-09,https://data.eastmoney.com/bbsj/yjbb/605056.html
156,600905,三峡能源,详细,0.0747,38.12亿,43.08,18.52,14.95亿,51.41,86.93,2.1704,3.50,0.0958,64.51,,电力行业,06-09,https://data.eastmoney.com/bbsj/yjbb/600905.html
157,301015,百洋医药,详细,0.18,16.26亿,68.07,-9.791,8603万,-292.63,-23.75,3.2966,5.68,-0.2488,21.72,,医药商业,06-09,https://data.eastmoney.com/bbsj/yjbb/301015.html
158,688367,工大高科,详细,-0.003,904.1万,67.06,-91.69,-16.54万,47.86,-100.54,4.29,-0.06,-0.0743,27.94,,交运设备,06-08,https://data.eastmoney.com/bbsj/yjbb/688367.html
159,688025,杰普特,详细,0.24,2.56亿,174.26,0.270,2174万,211.41,763.24,17.72,1.34,-1.0586,33.21,,电子元件,06-08,https://data.eastmoney.com/bbsj/yjbb/688025.html
160,605011,杭州热电,详细,0.15,6.28亿,61.30,4.073,5243万,178.34,-34.11,4.3965,3.37,0.0165,14.77,,公用事业,06-08,https://data.eastmoney.com/bbsj/yjbb/605011.html
161,603171,税友股份,详细,0.1,2.77亿,1.774,-48.49,3650万,46.51,-73.26,4.9667,2.03,-0.7203,64.33,,互联网服务,06-08,https://data.eastmoney.com/bbsj/yjbb/603171.html
162,688601,力芯微,详细,0.5,1.66亿,45.10,28.22,2411万,30.55,103.35,7.2328,7.19,-0.1836,31.01,,半导体,06-07,https://data.eastmoney.com/bbsj/yjbb/688601.html
163,301013,利和兴,详细,-0.04,4129万,-50.64,-76.44,-406.5万,-119.03,-117.43,5.1302,-0.72,-0.3518,31.58,,专用设备,06-07,https://data.eastmoney.com/bbsj/yjbb/301013.html
164,301004,嘉益股份,详细,0.16,7917万,8.383,-38.27,1189万,-12.63,-51.96,5.3115,3.03,0.3865,31.59,,家用轻工,06-07,https://data.eastmoney.com/bbsj/yjbb/301004.html
165,001209,洪兴股份,详细,0.47,2.76亿,20.61,-36.81,3297万,30.33,-38.67,8.3077,5.80,-0.8284,42.12,,纺织服装,06-07,https://data.eastmoney.com/bbsj/yjbb/001209.html
166,300863,卡倍亿,详细,0.22,4.38亿,197.64,-11.50,1203万,22.82,-43.73,10.72,2.05,0.7304,8.11,,汽车零部件,06-05,https://data.eastmoney.com/bbsj/yjbb/300863.html
167,002197,证通电子,详细,0.01,2.54亿,6.802,-59.82,336.6万,22.55,-13.12,4.6989,0.14,0.0169,31.25,,计算机设备,06-05,https://data.eastmoney.com/bbsj/yjbb/002197.html
168,688276,百克生物,详细,0.15,2.47亿,24.12,-31.00,5542万,11.13,-26.98,4.9383,3.07,-0.2147,88.30,,生物制品,06-04,https://data.eastmoney.com/bbsj/yjbb/688276.html
169,600276,恒瑞医药,详细,0.28,69.29亿,25.37,-16.73,14.97亿,13.77,-27.70,6.0373,4.78,0.0374,86.86,,化学制药,06-04,https://data.eastmoney.com/bbsj/yjbb/600276.html
170,300984,金沃股份,详细,0.39,1.76亿,35.43,0.928,1411万,9.804,-34.34,8.1727,-,0.5263,19.75,,通用设备,06-04,https://data.eastmoney.com/bbsj/yjbb/300984.html
171,688690,纳微科技,详细,0.0619,6654万,161.37,-13.79,2205万,497.85,-33.53,1.5713,4.03,-0.0533,77.98,,化学制药,06-03,https://data.eastmoney.com/bbsj/yjbb/688690.html
172,688216,气派科技,详细,0.25,1.53亿,92.36,-8.940,2023万,1329.6,-18.40,7.101,3.64,0.5007,28.62,,半导体,06-02,https://data.eastmoney.com/bbsj/yjbb/688216.html
173,601929,吉视传媒,详细,0.0063,4.40亿,4.209,-35.90,1950万,82.29,-20.66,2.13,0.28,-0.0049,41.77,,文化传媒,06-02,https://data.eastmoney.com/bbsj/yjbb/601929.html
174,301012,扬电科技,详细,0.13,8693万,55.60,-28.22,846.9万,43.80,-35.15,6.2352,2.18,-0.4026,21.95,,电网设备,06-02,https://data.eastmoney.com/bbsj/yjbb/301012.html
175,001208,华菱线缆,详细,0.07,3.89亿,28.07,-21.01,2804万,291.98,-27.67,2.2512,3.16,-0.6755,28.53,,电网设备,06-02,https://data.eastmoney.com/bbsj/yjbb/001208.html
176,688621,阳光诺和,详细,0.34,9577万,29.82,-15.12,2053万,19.01,-4.444,3.494,10.30,0.0954,54.52,,医疗服务,06-01,https://data.eastmoney.com/bbsj/yjbb/688621.html
177,688425,铁建重工,详细,0.09,18.63亿,98.06,-26.32,3.42亿,127.39,-27.31,2.2356,4.04,-0.0716,34.95,,工程机械,06-01,https://data.eastmoney.com/bbsj/yjbb/688425.html
178,605028,世茂能源,详细,0.3,8887万,50.70,-2.996,3630万,127.17,-36.65,3.9309,8.00,0.3676,61.83,,电力行业,06-01,https://data.eastmoney.com/bbsj/yjbb/605028.html
179,001207,联科科技,详细,0.4017,3.35亿,77.30,19.28,5483万,429.33,18.82,4.462,9.43,-0.1333,29.85,,橡胶制品,06-01,https://data.eastmoney.com/bbsj/yjbb/001207.html
180,688517,金冠电气,详细,0.02,5754万,93.06,-67.77,177.6万,122.89,-94.70,4.4022,0.40,-0.3777,29.20,,电网设备,05-31,https://data.eastmoney.com/bbsj/yjbb/688517.html
181,400096,凯迪1,详细,-0.1,3.41亿,-8.278,-32.42,-3.93亿,14.00,27.96,-1.156,-,-0.0113,-3.97,,-,05-31,https://data.eastmoney.com/bbsj/yjbb/400096.html
182,300476,胜宏科技,详细,0.23,15.70亿,64.58,-13.51,1.82亿,74.62,92.54,5.0329,4.77,0.1573,22.49,,电子元件,05-31,https://data.eastmoney.com/bbsj/yjbb/300476.html
183,688597,煜邦电力,详细,0.02,4371万,21.98,-77.20,240.1万,152.26,-91.88,4.1716,0.44,0.1954,48.05,,电网设备,05-28,https://data.eastmoney.com/bbsj/yjbb/688597.html
184,603511,爱慕股份,详细,0.36,8.96亿,13.72,-12.70,1.29亿,61.07,-6.729,9.9314,3.67,0.4788,71.02,,纺织服装,05-28,https://data.eastmoney.com/bbsj/yjbb/603511.html
185,301011,华立科技,详细,0.15,9226万,178.10,-50.88,1009万,218.79,-59.12,6.5441,2.40,0.0502,25.68,,专用设备,05-28,https://data.eastmoney.com/bbsj/yjbb/301011.html
186,301010,晶雪节能,详细,0.06,8588万,12.27,-75.44,497.5万,127.44,-87.82,6.9653,0.89,-0.5513,23.55,,装修建材,05-28,https://data.eastmoney.com/bbsj/yjbb/301010.html
187,605296,神农集团,详细,0.87,8.63亿,32.96,20.58,3.14亿,-7.850,56.96,7.1458,13.01,-0.1214,43.05,,农牧饲渔,05-27,https://data.eastmoney.com/bbsj/yjbb/605296.html
188,301009,可靠股份,详细,0.2,3.33亿,6.055,-17.21,4025万,-14.96,-12.43,3.206,6.35,-0.2331,25.37,,美容护理,05-27,https://data.eastmoney.com/bbsj/yjbb/301009.html
189,688700,东威科技,详细,0.24,1.62亿,173.95,-18.36,2669万,177.55,-21.90,3.4848,7.19,0.0953,42.25,,专用设备,05-26,https://data.eastmoney.com/bbsj/yjbb/688700.html
190,688067,爱威科技,详细,0.13,4724万,44.71,-21.53,657.3万,598.96,-4.612,4.7703,2.74,-0.214,57.84,,医疗器械,05-26,https://data.eastmoney.com/bbsj/yjbb/688067.html
191,605389,长龄液压,详细,1,2.90亿,85.59,5.155,7284万,68.04,11.58,17.29,9.70,-0.2761,36.31,,工程机械,05-26,https://data.eastmoney.com/bbsj/yjbb/605389.html
192,603529,爱玛科技,详细,0.45,31.28亿,68.84,60.40,1.52亿,30.79,1977.7,8.2139,5.62,0.5942,12.28,,交运设备,05-26,https://data.eastmoney.com/bbsj/yjbb/603529.html
193,600197,伊力特,详细,0.2811,5.44亿,255.33,-15.48,1.31亿,1475.8,-5.743,7.6148,3.68,-0.0508,61.04,,酿酒行业,05-26,https://data.eastmoney.com/bbsj/yjbb/600197.html
194,301008,宏昌科技,详细,0.41,1.62亿,83.02,-22.37,2042万,109.21,-35.62,8.055,5.20,-0.3563,25.36,,家电行业,05-26,https://data.eastmoney.com/bbsj/yjbb/301008.html
195,688681,科汇股份,详细,-,4670万,105.99,-65.18,-907.9万,-25.66,-130.70,4.08,-,-0.2723,38.65,,电网设备,05-25,https://data.eastmoney.com/bbsj/yjbb/688681.html
196,688277,天智航,详细,-0.06,2252万,4.136,-62.12,-2446万,-81.62,-652.86,2.3294,-2.48,-0.0247,75.04,,医疗器械,05-25,https://data.eastmoney.com/bbsj/yjbb/688277.html
197,301007,德迈仕,详细,0.15,1.26亿,36.82,-7.440,1706万,219.98,-21.34,3.397,4.46,-0.0054,27.71,,汽车零部件,05-25,https://data.eastmoney.com/bbsj/yjbb/301007.html
198,300995,奇德新材,详细,0.14,6859万,93.74,-22.34,896.4万,115.44,-23.35,5.8815,2.44,-0.0276,28.53,,塑料制品,05-25,https://data.eastmoney.com/bbsj/yjbb/300995.html
199,605090,九丰能源,详细,0.78,31.02亿,49.88,6.825,2.79亿,185.13,108.62,7.7572,10.53,0.1097,15.25,,燃气,05-24,https://data.eastmoney.com/bbsj/yjbb/605090.html
200,600032,浙江新能,详细,0.01,4.81亿,4.826,-5.622,2396万,8.868,390.55,3.5202,0.36,0.0161,42.97,,电力行业,05-24,https://data.eastmoney.com/bbsj/yjbb/600032.html
201,300992,泰福泵业,详细,0.2,1.19亿,48.22,-7.479,1346万,10.65,7.499,6.7672,2.96,0.2937,23.10,,通用设备,05-24,https://data.eastmoney.com/bbsj/yjbb/300992.html
202,300732,设研院,详细,0.19,3.02亿,27.08,-64.62,4342万,19.66,-70.96,10.67,1.79,-0.6743,37.63,,工程咨询服务,05-24,https://data.eastmoney.com/bbsj/yjbb/300732.html
203,300614,百川畅银,详细,0.39,1.25亿,-1.294,-6.351,4696万,5.833,113.48,8.9363,4.44,0.1748,47.07,,环保行业,05-24,https://data.eastmoney.com/bbsj/yjbb/300614.html
204,688345,博力威,详细,0.62,4.55亿,106.93,-8.230,4679万,68.34,28.96,6.4182,10.20,-0.0745,22.69,,电池,05-21,https://data.eastmoney.com/bbsj/yjbb/688345.html
205,605259,绿田机械,详细,0.44,3.70亿,70.46,0.119,2918万,54.56,36.89,10.52,4.29,0.296,17.84,,通用设备,05-21,https://data.eastmoney.com/bbsj/yjbb/605259.html
206,300993,玉马遮阳,详细,0.31,1.04亿,60.45,-17.96,3088万,66.82,-11.69,6.8805,4.65,0.1677,46.62,,装修装饰,05-21,https://data.eastmoney.com/bbsj/yjbb/300993.html
207,688613,奥精医疗,详细,0.18,3669万,152.55,-54.99,1809万,15577,-57.67,6.4081,2.62,0.2688,85.73,,医疗器械,05-20,https://data.eastmoney.com/bbsj/yjbb/688613.html
208,688359,三孚新科,详细,0.18,8559万,117.65,-13.13,1261万,200.51,-34.91,4.3138,4.32,-0.0559,36.43,,电子化学品,05-20,https://data.eastmoney.com/bbsj/yjbb/688359.html
209,688269,凯立新材,详细,0.41,3.21亿,101.15,7.510,2903万,39.65,-1.612,5.1902,8.32,-1.995,15.90,,化学制品,05-20,https://data.eastmoney.com/bbsj/yjbb/688269.html
210,688131,皓元医药,详细,0.97,2.26亿,120.85,1.456,5418万,323.94,-6.228,10.41,9.78,0.9307,53.95,,化学制药,05-20,https://data.eastmoney.com/bbsj/yjbb/688131.html
211,300214,日科化学,详细,0.09,5.78亿,17.00,-2.769,3825万,-32.03,45.64,4.522,1.97,0.0669,12.40,,塑料制品,05-20,https://data.eastmoney.com/bbsj/yjbb/300214.html
212,836077,吉林碳谷,详细,0.2247,2.24亿,-53.58,2.811,6597万,871.45,23.52,1.5488,15.64,0.2736,45.08,,-,05-19,https://data.eastmoney.com/bbsj/yjbb/836077.html
213,688625,呈和科技,详细,0.36,1.22亿,14.95,-12.80,3608万,11.36,17.40,3.4418,11.07,0.2992,49.68,,化学制品,05-19,https://data.eastmoney.com/bbsj/yjbb/688625.html
214,688319,欧林生物,详细,0.056,6344万,119.89,-47.14,2044万,875.60,771594,1.0896,5.28,-0.0564,96.04,,生物制品,05-19,https://data.eastmoney.com/bbsj/yjbb/688319.html
215,688076,诺泰生物,详细,0.25,1.66亿,258.62,-13.51,3969万,901.41,0.359,6.2853,4.03,0.0895,59.27,,医疗服务,05-19,https://data.eastmoney.com/bbsj/yjbb/688076.html
216,301006,迈拓股份,详细,0.22,6439万,137.74,-51.35,2261万,130.51,-60.08,5.5461,3.98,0.098,57.78,,仪器仪表,05-19,https://data.eastmoney.com/bbsj/yjbb/301006.html
217,301005,超捷股份,详细,0.45,9307万,59.35,-18.60,1932万,66.79,-35.90,6.7377,6.92,0.5453,38.11,,汽车零部件,05-19,https://data.eastmoney.com/bbsj/yjbb/301005.html
218,300991,创益通,详细,0.32,1.16亿,44.69,-21.55,2152万,37.81,-19.13,5.1926,6.24,0.4134,33.80,,电子元件,05-19,https://data.eastmoney.com/bbsj/yjbb/300991.html
219,688660,电气风电,详细,0.17,44.31亿,1614.2,-57.14,1.34亿,167.35,-51.87,5.5555,3.07,-2.3762,19.02,,风电设备,05-18,https://data.eastmoney.com/bbsj/yjbb/688660.html
220,605319,无锡振华,详细,0.19,3.36亿,78.34,-32.60,2886万,342.70,-18.01,7.9568,2.45,0.6734,17.18,,汽车零部件,05-18,https://data.eastmoney.com/bbsj/yjbb/605319.html
221,601156,东航物流,详细,0.48,45.16亿,-,-0.518,6.79亿,249.48,3.423,3.9309,12.81,0.695,26.35,,物流行业,05-18,https://data.eastmoney.com/bbsj/yjbb/601156.html
222,301003,江苏博云,详细,-,1.46亿,79.53,2.987,2520万,14.42,-27.90,6.8794,-,-0.5649,28.95,,塑料制品,05-18,https://data.eastmoney.com/bbsj/yjbb/301003.html
223,688314,康拓医疗,详细,0.32,4111万,61.98,-19.41,1395万,100.43,28.04,5.9374,5.55,0.1683,82.66,,医疗器械,05-17,https://data.eastmoney.com/bbsj/yjbb/688314.html
224,605339,南侨食品,详细,0.27,6.48亿,49.69,-8.812,9765万,126.99,-17.75,5.6718,4.90,0.074,38.80,,食品饮料,05-17,https://data.eastmoney.com/bbsj/yjbb/605339.html
225,301002,崧盛股份,详细,0.38,2.41亿,160.86,-1.958,2674万,156.49,-28.28,5.0636,7.74,-0.2637,25.86,,电网设备,05-17,https://data.eastmoney.com/bbsj/yjbb/301002.html
226,301001,凯淳股份,详细,0.24,1.75亿,4.361,-44.07,1438万,-12.29,-53.40,5.8947,4.15,0.0431,27.89,,互联网服务,05-17,https://data.eastmoney.com/bbsj/yjbb/301001.html
227,301000,肇民科技,详细,0.7,1.49亿,92.27,-9.295,2799万,93.99,-26.17,7.4233,9.89,0.1207,34.80,,塑料制品,05-17,https://data.eastmoney.com/bbsj/yjbb/301000.html
228,300798,锦鸡股份,详细,0.0497,2.51亿,24.79,10.85,2078万,172.93,11.26,2.9517,1.70,-0.0437,17.65,,化学制品,05-17,https://data.eastmoney.com/bbsj/yjbb/300798.html
229,001206,依依股份,详细,0.47,3.10亿,40.55,-2.319,3326万,17.43,27.80,10.54,4.56,0.4462,18.36,,美容护理,05-17,https://data.eastmoney.com/bbsj/yjbb/001206.html
230,688229,博睿数据,详细,-0.36,3056万,6.609,-30.27,-1580万,-546.99,-175.67,18.62,-1.90,-0.3535,67.54,,互联网服务,05-15,https://data.eastmoney.com/bbsj/yjbb/688229.html
231,000678,襄阳轴承,详细,0.011,3.84亿,79.78,19.47,489.6万,115.30,112.84,2.3751,0.45,0.0775,12.54,,汽车零部件,05-15,https://data.eastmoney.com/bbsj/yjbb/000678.html
232,688981,中芯国际,详细,0.13,72.92亿,13.92,9.308,10.32亿,136.40,-17.56,12.76,1.00,0.4281,26.97,,半导体,05-14,https://data.eastmoney.com/bbsj/yjbb/688981.html
233,688575,亚辉龙,详细,0.1,2.36亿,85.46,-18.78,3766万,5454.6,-38.69,2.2124,4.79,0.0143,56.47,,医疗器械,05-14,https://data.eastmoney.com/bbsj/yjbb/688575.html
234,688217,睿昂基因,详细,0.39,6477万,51.84,-18.65,1638万,907.46,58.30,15.91,2.50,0.4862,81.22,,医疗器械,05-14,https://data.eastmoney.com/bbsj/yjbb/688217.html
235,688117,圣诺生物,详细,0.19,9328万,30.47,-13.52,1165万,15.39,-36.46,7.4918,2.63,0.4102,79.38,,化学制药,05-14,https://data.eastmoney.com/bbsj/yjbb/688117.html
236,300998,宁波方正,详细,0.0788,1.68亿,-,-11.56,628.8万,141.07,-61.17,5.2905,1.50,0.074,20.25,,汽车零部件,05-14,https://data.eastmoney.com/bbsj/yjbb/300998.html
237,300997,欢乐家,详细,0.1303,3.39亿,33.62,-13.40,4691万,54.78,-30.40,2.2127,6.07,0.0554,36.32,,食品饮料,05-14,https://data.eastmoney.com/bbsj/yjbb/300997.html
238,300996,普联软件,详细,0.05,3639万,81.49,-87.01,311.1万,59.91,-95.19,6.2186,0.76,-1.3243,51.22,,软件开发,05-14,https://data.eastmoney.com/bbsj/yjbb/300996.html
239,300696,爱乐达,详细,0.26,1.08亿,121.51,-8.410,4682万,76.89,-2.850,5.6479,4.75,-0.0778,62.68,,航天航空,05-14,https://data.eastmoney.com/bbsj/yjbb/300696.html
240,002349,精华制药,详细,0.0696,3.34亿,9.835,-5.966,5668万,5.070,506.61,2.5903,2.65,0.0806,47.17,,中药,05-14,https://data.eastmoney.com/bbsj/yjbb/002349.html
241,002610,爱康科技,详细,0.002,4.47亿,-36.04,-23.23,747.5万,-4.000,-26.36,0.9136,0.18,0.0116,9.71,,光伏设备,05-13,https://data.eastmoney.com/bbsj/yjbb/002610.html
242,000727,冠捷科技,详细,0.0441,166.2亿,28.88,-73.94,2.00亿,150.69,-88.21,0.3813,12.40,-0.2044,11.99,,光学光电子,05-13,https://data.eastmoney.com/bbsj/yjbb/000727.html
243,688685,迈信林,详细,0.06,6561万,195.62,-36.84,487.1万,321.84,-80.30,4.9806,1.17,-0.2141,29.48,,航天航空,05-12,https://data.eastmoney.com/bbsj/yjbb/688685.html
244,688565,力源科技,详细,0.05,4039万,2997.0,-57.49,416.2万,-196.17,-82.20,5.2687,0.99,-0.3253,30.09,,环保行业,05-12,https://data.eastmoney.com/bbsj/yjbb/688565.html
245,688196,卓越新能,详细,0.48,4.03亿,32.36,1.901,5733万,62.15,17.42,19.01,2.37,-0.2195,14.10,,化学制品,05-12,https://data.eastmoney.com/bbsj/yjbb/688196.html
246,605488,福莱新材,详细,0.47,3.58亿,96.40,-16.06,4257万,346.02,-28.73,5.2261,9.48,-0.2176,23.38,,塑料制品,05-12,https://data.eastmoney.com/bbsj/yjbb/605488.html
247,605336,帅丰电器,详细,0.24,1.55亿,164.06,-36.67,3415万,127.08,-50.82,12.31,1.99,0.0209,47.32,,家电行业,05-12,https://data.eastmoney.com/bbsj/yjbb/605336.html
248,601528,瑞丰银行,详细,0.18,7.51亿,-3.745,1.229,2.51亿,7.190,-21.59,8.3162,2.25,-3.5867,-,,银行,05-12,https://data.eastmoney.com/bbsj/yjbb/601528.html
249,832492,易兆科技,详细,0.02,2237万,65.73,-70.87,112.7万,-22.26,-78.10,0.6055,3.42,-0.1237,16.04,,-,05-11,https://data.eastmoney.com/bbsj/yjbb/832492.html
250,688355,明志科技,详细,0.32,1.61亿,38.99,-20.58,2927万,58.41,-22.42,5.2501,6.24,-0.0472,39.28,,通用设备,05-11,https://data.eastmoney.com/bbsj/yjbb/688355.html
1,300001,特锐德,详细,0.02,13.93亿,77.24,-51.08,2123万,132.65,-75.08,4.622,0.46,-0.51,20.46,,电网设备,12-17,https://data.eastmoney.com/bbsj/yjbb/300001.html
2,600872,中炬高新,详细,0.2197,12.63亿,9.514,-3.859,1.75亿,-15.17,-21.22,6.0139,3.72,0.2918,35.50,,食品饮料,12-04,https://data.eastmoney.com/bbsj/yjbb/600872.html
3,001267,汇绿生态,详细,0.01,1.41亿,71.99,-62.98,766.8万,12.56,-82.82,1.5967,0.63,-0.1375,23.40,,工程建设,11-11,https://data.eastmoney.com/bbsj/yjbb/001267.html
4,400012,国晟5,详细,-0.01,216.4万,-83.79,-87.47,-530.5万,-46.18,70.98,1.1589,-1.14,0.0095,-15.09,,-,11-10,https://data.eastmoney.com/bbsj/yjbb/400012.html
5,605108,同庆楼,详细,0.16,4.04亿,108.26,-15.44,3152万,-17.79,-59.92,9.2657,1.72,0.2431,18.17,,旅游酒店,10-30,https://data.eastmoney.com/bbsj/yjbb/605108.html
6,873638,隆基仪表,详细,0.09,7762万,-,-,979.9万,-,-,2.6093,3.46,0.4133,27.85,,-,10-29,https://data.eastmoney.com/bbsj/yjbb/873638.html
7,000972,*ST中基,详细,-0.0259,0.00,-,-,-1998万,53.21,91.07,0.2023,-11.78,-0.0329,-,,食品饮料,10-29,https://data.eastmoney.com/bbsj/yjbb/000972.html
8,873637,海川生物,详细,1.25,3634万,-,-,1494万,-,-,4.1461,34.63,0.3814,61.17,,-,10-28,https://data.eastmoney.com/bbsj/yjbb/873637.html
9,873636,博达软件,详细,-0.31,289.5万,-,-,-971.0万,-,-,2.4911,-12.21,-0.4579,70.25,,-,10-28,https://data.eastmoney.com/bbsj/yjbb/873636.html
10,688182,灿勤科技,详细,0.13,1.12亿,-74.24,-28.08,3986万,-78.29,68.79,3.3676,4.02,-0.021,45.15,,通信设备,10-28,https://data.eastmoney.com/bbsj/yjbb/688182.html
11,002377,国创高新,详细,-0.0998,9.41亿,47.22,-29.96,-9146万,-3841.2,97.02,2.3696,-4.13,-0.0245,1.99,,房地产服务,10-28,https://data.eastmoney.com/bbsj/yjbb/002377.html
12,873635,捷工智气,详细,0.05,523.4万,-,-,27.01万,-,-,2.1795,2.51,-0.4789,52.30,,-,10-26,https://data.eastmoney.com/bbsj/yjbb/873635.html
13,300367,ST网力,详细,-0.1023,2643万,1.593,-82.88,-1.22亿,-8.240,-42.65,0.0578,-94.14,-0.0189,48.01,,计算机设备,10-26,https://data.eastmoney.com/bbsj/yjbb/300367.html
14,873633,润泰工程,详细,0.02,352.0万,-,-,21.73万,-,-,1.1977,1.83,0.0084,32.68,,-,10-19,https://data.eastmoney.com/bbsj/yjbb/873633.html
15,600078,*ST澄星,详细,-0.02,8.08亿,25.44,-7.772,-1126万,-247.92,99.49,-0.7351,-,0.0647,10.42,,化肥行业,10-12,https://data.eastmoney.com/bbsj/yjbb/600078.html
16,873425,隆基电磁,详细,0.02,9099万,110.78,-,151.3万,-51.15,-,5.3125,0.31,0.0119,25.99,,-,09-30,https://data.eastmoney.com/bbsj/yjbb/873425.html
17,837092,汉鑫科技,详细,0.15,789.6万,40.79,-94.40,570.0万,363.74,-68.10,5.2526,2.91,0.6406,40.82,,-,09-29,https://data.eastmoney.com/bbsj/yjbb/837092.html
18,837046,亿能电力,详细,0.1,3543万,18.55,-40.22,543.5万,29.01,-21.03,2.0449,4.98,0.6063,31.79,,-,09-29,https://data.eastmoney.com/bbsj/yjbb/837046.html
19,832800,赛特斯,详细,-0.03,1.09亿,97.05,-,-1413万,73.65,-,3.7121,-0.82,-0.2454,61.13,,-,09-29,https://data.eastmoney.com/bbsj/yjbb/832800.html
20,873169,七丰精工,详细,0.1,4346万,52.74,-34.66,580.3万,-9.418,-56.31,2.1018,5.13,-0.2181,26.09,,-,09-28,https://data.eastmoney.com/bbsj/yjbb/873169.html
21,833943,优机股份,详细,0.08,1.20亿,22.50,-31.96,521.9万,30.15,189.36,5.4557,1.48,0.0112,23.75,,-,09-28,https://data.eastmoney.com/bbsj/yjbb/833943.html
22,831305,海希通讯,详细,0.39,7425万,54.17,-8.554,2103万,51.90,-0.157,6.5504,6.15,0.3438,50.83,,-,09-28,https://data.eastmoney.com/bbsj/yjbb/831305.html
23,688553,汇宇制药,详细,0.37,4.27亿,68.16,21.67,1.35亿,84.39,78.10,2.4619,16.44,0.3963,90.43,,化学制药,09-27,https://data.eastmoney.com/bbsj/yjbb/688553.html
24,430564,天润科技,详细,0.03,4068万,261.02,-,143.6万,149.31,-,1.9459,1.35,-0.4552,23.12,,-,09-24,https://data.eastmoney.com/bbsj/yjbb/430564.html
25,832305,东利机械,详细,0.13,1.28亿,-,-,1475万,-,-,3.6244,3.77,-0.0179,31.56,,-,09-23,https://data.eastmoney.com/bbsj/yjbb/832305.html
26,832567,伟志股份,详细,0.05,2999万,141.39,-,284.7万,196.57,-,3.046,1.57,-0.1574,45.37,,-,09-22,https://data.eastmoney.com/bbsj/yjbb/832567.html
27,873628,凯诺电气,详细,-0.01,478.6万,-,-70.88,-40.66万,-,-117.97,1.1379,-1.20,0.0501,48.48,,-,09-17,https://data.eastmoney.com/bbsj/yjbb/873628.html
28,873223,荣亿精密,详细,0.04,5122万,90.72,-19.78,610.5万,23.55,-16.83,1.4965,3.80,0.0631,27.98,,-,09-14,https://data.eastmoney.com/bbsj/yjbb/873223.html
29,835359,百通能源,详细,0.06,1.76亿,73.20,4.871,2392万,59.25,-31.11,1.4344,4.36,0.0979,29.24,,-,09-13,https://data.eastmoney.com/bbsj/yjbb/835359.html
30,688707,振华新材,详细,0.23,9.87亿,-,179.95,7689万,-,306.96,4.0834,5.83,0.13,15.29,,电池,09-08,https://data.eastmoney.com/bbsj/yjbb/688707.html
31,872967,蓉中电气,详细,0.05,4782万,90.83,-57.13,278.4万,62.70,-73.88,2.2888,1.57,-0.0759,19.86,,-,09-07,https://data.eastmoney.com/bbsj/yjbb/872967.html
32,839483,用友金融,详细,-0.1,4471万,12.36,-79.56,-1025万,-6.577,-113.92,2.3553,-4.14,-0.8085,60.76,,-,09-07,https://data.eastmoney.com/bbsj/yjbb/839483.html
33,834062,科润智控,详细,-0.07,8227万,40.20,-,-925.2万,-1246.6,-,2.5775,-2.51,-0.7207,17.80,,-,09-03,https://data.eastmoney.com/bbsj/yjbb/834062.html
34,000752,*ST西发,详细,-0.02,9571万,105.93,-25.14,-621.1万,72.89,-108.62,0.1643,-13.37,-0.0476,23.19,,酿酒行业,09-01,https://data.eastmoney.com/bbsj/yjbb/000752.html
35,603766,隆鑫通用,详细,0.0829,28.43亿,82.82,-5.703,1.70亿,60.29,1373.8,3.583,2.33,0.0372,13.78,,交运设备,08-31,https://data.eastmoney.com/bbsj/yjbb/603766.html
36,400059,天珑5,详细,0.01,23.34亿,68.58,-26.43,2328万,-66.13,132.44,0.9021,1.33,0.1444,14.09,,-,08-31,https://data.eastmoney.com/bbsj/yjbb/400059.html
37,400029,大通5,详细,-0.01,105.8万,-97.49,104.44,-121.4万,-66.35,99.43,0.3865,-0.72,-0.0016,48.65,,-,08-31,https://data.eastmoney.com/bbsj/yjbb/400029.html
38,430140,新眼光,详细,0.02,6619万,334.88,70.28,349.2万,141.53,163.38,1.7767,1.21,-0.0834,26.59,,-,08-27,https://data.eastmoney.com/bbsj/yjbb/430140.html
39,300140,中环装备,详细,-0.0872,2.22亿,-47.77,-66.12,-3726万,-1111.8,85.91,4.136,-2.20,0.4243,29.51,,环保行业,08-27,https://data.eastmoney.com/bbsj/yjbb/300140.html
40,605033,美邦股份,详细,0.46,2.75亿,26.06,77.01,4658万,7.820,69.75,4.8909,9.85,-1.2475,35.73,,农药兽药,08-25,https://data.eastmoney.com/bbsj/yjbb/605033.html
41,871167,合顺兴,详细,0.1,3875万,55.06,-5.010,307.8万,25.48,-47.15,3.5838,2.95,0.0013,23.56,,-,08-20,https://data.eastmoney.com/bbsj/yjbb/871167.html
42,835179,凯德石英,详细,0.09,3541万,10.47,-14.44,548.3万,26.86,-58.03,5.5947,1.65,0.0241,40.17,,-,08-18,https://data.eastmoney.com/bbsj/yjbb/835179.html
43,838795,风景园林,详细,-0.0589,4553万,25.22,-,-449.0万,-164.10,-,8.5806,-0.68,-0.9637,21.47,,-,08-17,https://data.eastmoney.com/bbsj/yjbb/838795.html
44,300737,科顺股份,详细,0.27,14.61亿,80.57,-23.18,1.67亿,469.62,-46.99,7.1783,3.77,-0.4303,32.13,,装修建材,08-17,https://data.eastmoney.com/bbsj/yjbb/300737.html
45,833694,新道科技,详细,-0.02,2115万,57.31,-84.93,-438.5万,24.08,-107.83,2.1083,-0.96,-0.1622,87.52,,-,08-16,https://data.eastmoney.com/bbsj/yjbb/833694.html
46,831289,丰泽股份,详细,0.07,4693万,-,-,849.0万,-,-,2.2631,3.03,-0.0667,37.37,,-,08-16,https://data.eastmoney.com/bbsj/yjbb/831289.html
47,688096,京源环保,详细,0.05,3397万,7.844,-76.86,584.5万,44.14,-77.35,6.865,0.80,-0.4108,39.68,,环保行业,08-10,https://data.eastmoney.com/bbsj/yjbb/688096.html
48,002813,路畅科技,详细,0.011,7798万,-32.48,-12.76,135.9万,115.76,-98.83,3.2009,0.36,0.0477,25.94,,汽车零部件,08-04,https://data.eastmoney.com/bbsj/yjbb/002813.html
49,688338,赛科希德,详细,0.24,5084万,58.45,-28.65,1945万,451.46,-33.00,16.85,1.42,0.079,61.63,,医疗器械,07-31,https://data.eastmoney.com/bbsj/yjbb/688338.html
50,688728,格科微,详细,0.13,19.38亿,55.30,7.246,2.92亿,48.69,96.95,1.1267,10.18,0.1395,31.27,,半导体,07-30,https://data.eastmoney.com/bbsj/yjbb/688728.html
